cid,lat,lon,urban,households,y_true_pc_cons,y_pred,out_of_fold,n_oof_splits,hr_gsd_m_per_px,subtiles_bought,subtiles_total,hr_frac,objects_acquired,objects_full_grid
1,-0.269275,32.309685,0,7,2.635,3.5228,1,1,1.1944,0,256,0.0,0,101
2,0.333188,32.570656,1,4,9.9374,2.955,1,2,1.1944,40,256,0.15625,14,124
3,0.313045,32.569145,1,6,3.3303,2.748,0,0,1.1944,63,256,0.24609,25,76
4,0.303096,32.573345,1,2,6.717,2.3436,1,1,1.1944,20,256,0.07812,7,95
5,0.345753,32.546299,1,5,4.2244,2.0568,1,2,1.1944,76,256,0.29688,20,69
6,0.378049,32.594128,1,3,5.5106,4.742,1,1,1.1944,122,256,0.47656,78,115
7,0.371429,32.56506,1,5,6.852,5.4249,1,2,1.1944,68,256,0.26562,36,112
8,0.365141,32.597015,1,6,9.639,4.312,1,2,1.1944,123,256,0.48047,150,266
9,0.442533,32.735664,1,5,5.0271,1.6015,1,1,1.1944,0,256,0.0,0,19
10,0.362534,32.574726,1,1,5.3257,4.5387,1,1,1.1944,219,256,0.85547,207,214
11,0.345998,32.583225,1,4,4.9283,5.8395,1,3,1.1944,141,256,0.55078,50,126
12,0.282045,32.616669,1,7,4.7337,4.1024,1,3,1.1944,227,256,0.88672,144,162
13,0.314343,32.597195,1,6,3.4539,3.4115,1,4,1.1944,88,256,0.34375,73,127
14,0.303221,32.619747,1,7,3.7943,4.1148,1,2,1.1944,188,256,0.73438,47,59
15,0.292107,32.573128,1,8,3.4685,4.5977,1,2,1.1944,13,256,0.05078,0,51
16,0.305778,32.592979,1,6,5.9202,2.5149,1,2,1.1944,74,256,0.28906,16,66
17,0.273187,32.624809,1,10,5.1722,3.8593,1,1,1.1944,240,256,0.9375,154,161
18,0.295155,32.5854,1,4,6.7387,2.4838,1,2,1.1944,33,256,0.12891,15,73
19,0.326507,32.579437,1,5,4.3936,6.3615,1,2,1.1944,99,256,0.38672,54,108
20,0.344782,32.587532,1,6,5.7841,7.0541,1,1,1.1944,226,256,0.88281,63,68
21,0.36772,32.623959,1,4,7.7478,7.1916,0,0,1.1944,142,256,0.55469,217,270
22,0.368404,32.590256,1,7,6.6145,7.4207,1,2,1.1944,112,256,0.4375,229,382
23,0.328185,32.634068,1,5,2.1647,5.792,1,1,1.1944,222,256,0.86719,100,108
24,0.321928,32.638088,1,2,3.2415,3.4139,0,0,1.1944,252,256,0.98438,140,142
25,0.357207,32.760254,1,5,3.8606,6.0476,1,2,1.1944,120,256,0.46875,72,164
26,0.305941,32.529144,1,6,3.9887,3.8668,0,0,1.1944,91,256,0.35547,97,134
27,0.28986,32.553036,1,3,14.8885,2.4408,1,1,1.1944,55,256,0.21484,14,99
28,0.356767,32.557106,1,5,4.0578,5.2541,1,2,1.1944,170,256,0.66406,84,94
29,0.33075,32.542141,1,5,7.467,6.0867,0,0,1.1944,122,256,0.47656,281,310
30,0.289792,32.535381,1,1,8.7631,3.7265,1,2,1.1944,76,256,0.29688,11,34
31,0.279319,32.566051,1,2,9.2917,6.7872,1,3,1.1944,118,256,0.46094,27,44
32,0.332453,32.54237,1,3,5.0882,5.984,1,1,1.1944,93,256,0.36328,193,313
33,0.317143,32.537323,1,2,1.5498,7.1106,1,1,1.1944,163,256,0.63672,33,57
34,0.30461,32.543774,1,5,2.037,5.921,1,2,1.1944,92,256,0.35938,33,65
35,0.779908,31.916332,0,11,1.5452,1.893,1,1,1.1944,0,256,0.0,0,40
36,0.918976,31.593861,0,10,1.7218,1.8619,1,1,1.1944,0,256,0.0,0,25
37,0.696446,32.528904,1,8,2.7984,2.4033,0,0,1.1944,29,256,0.11328,25,57
38,0.577704,32.647255,0,10,2.6877,2.8288,0,0,1.1944,29,256,0.11328,40,78
39,0.574401,32.661385,0,16,3.271,2.5077,1,1,1.1944,58,256,0.22656,19,61
40,0.76374,32.522327,0,13,2.6079,2.3451,0,0,1.1944,6,256,0.02344,0,15
41,0.664485,32.330688,0,8,1.759,1.7222,0,0,1.1944,0,256,0.0,0,19
42,0.998287,32.195297,0,8,1.5932,1.5618,1,1,1.1944,4,256,0.01562,2,16
43,-0.343147,31.725313,1,5,10.8607,4.1755,1,1,1.1944,124,256,0.48438,538,647
44,-0.142148,31.879677,1,4,3.0545,3.2758,1,2,1.1944,106,256,0.41406,165,201
45,-0.061786,31.72753,0,11,1.6669,2.4055,1,1,1.1944,14,256,0.05469,5,25
46,-0.243158,31.65519,0,10,2.0194,2.0136,1,1,1.1944,0,256,0.0,0,34
47,-0.347627,31.587099,0,10,2.0438,2.612,1,2,1.1944,1,256,0.00391,0,51
48,-0.4712,31.363787,0,11,1.8168,2.5932,1,3,1.1944,9,256,0.03516,0,3
49,-0.522386,31.355343,0,11,1.7237,3.3375,1,1,1.1944,40,256,0.15625,0,3
50,-0.576782,31.691637,0,8,2.003,2.0336,1,1,1.1944,0,256,0.0,0,5
51,-0.229498,31.908571,0,11,1.8615,2.3614,1,1,1.1944,0,256,0.0,0,2
52,-0.023711,31.800507,0,9,2.21,2.0461,1,1,1.1944,5,256,0.01953,0,5
53,-0.024848,31.833431,0,12,2.1667,2.5391,1,1,1.1944,24,256,0.09375,1,8
54,0.127259,31.835865,0,13,2.3927,2.9402,1,2,1.1944,0,256,0.0,0,3
55,0.256142,31.775686,0,12,1.7907,2.6426,1,1,1.1944,0,256,0.0,0,31
56,0.07161,32.092873,0,11,2.7383,1.6919,1,1,1.1944,0,256,0.0,0,11
57,0.196654,32.25523,0,8,2.0947,2.1248,1,4,1.1944,2,256,0.00781,0,55
58,0.572729,31.390442,1,9,5.8977,5.7965,0,0,1.1944,170,256,0.66406,396,426
59,0.390714,32.073822,1,7,3.4286,3.6788,1,1,1.1944,113,256,0.44141,128,152
60,0.341261,32.091141,0,15,2.761,1.4987,1,3,1.1944,0,256,0.0,0,11
61,0.213035,31.052639,0,5,3.6597,1.9885,1,3,1.1944,16,256,0.0625,9,29
62,0.555412,31.395668,0,11,2.4184,3.3874,1,3,1.1944,229,256,0.89453,476,482
63,0.594949,31.817333,0,12,2.601,2.4687,1,1,1.1944,0,256,0.0,0,28
64,0.470483,31.83392,0,13,1.9911,1.7141,1,2,1.1944,0,256,0.0,0,11
65,0.585502,31.729452,0,9,2.743,1.5111,1,2,1.1944,0,256,0.0,0,16
66,0.411243,32.047512,0,9,1.9819,2.6704,1,3,1.1944,154,256,0.60156,166,200
67,0.549947,32.166386,0,7,2.7707,1.712,1,4,1.1944,9,256,0.03516,1,19
68,0.345332,32.908588,1,10,13.9226,2.326,1,1,1.1944,0,256,0.0,0,84
69,0.411417,33.141369,1,7,2.5334,3.9541,1,3,1.1944,13,256,0.05078,10,75
70,0.322533,33.157059,0,7,4.2692,3.5173,0,0,1.1944,8,256,0.03125,1,9
71,0.369691,33.187431,0,11,1.3151,1.6888,1,1,1.1944,4,256,0.01562,0,9
72,0.376263,33.191013,0,10,1.6019,1.6314,0,0,1.1944,0,256,0.0,0,8
73,0.162611,33.47274,0,9,3.0905,4.1718,1,1,1.1944,0,256,0.0,0,4
74,0.428337,32.801392,0,14,2.1653,1.7667,1,2,1.1944,1,256,0.00391,0,34
75,0.401289,32.667038,0,10,8.9346,3.8085,1,4,1.1944,71,256,0.27734,121,232
76,0.584245,32.79068,0,9,2.36,1.6286,1,2,1.1944,2,256,0.00781,1,29
77,0.684824,32.829208,0,6,1.7393,3.4207,1,1,1.1944,134,256,0.52344,306,327
78,0.62514,32.919586,0,10,1.8357,1.7433,1,1,1.1944,4,256,0.01562,0,21
79,-0.538089,31.633837,1,11,5.8843,5.6343,0,0,1.1944,16,256,0.0625,2,6
80,-0.287338,31.222494,0,10,2.6058,1.8154,1,1,1.1944,4,256,0.01562,1,10
81,-0.860617,31.70356,0,15,2.9772,3.3534,1,2,1.1944,0,256,0.0,0,160
82,-0.517635,31.18162,0,11,1.2634,2.2558,1,2,1.1944,36,256,0.14062,2,9
83,-0.387858,31.521362,0,13,1.9885,2.1495,1,1,1.1944,8,256,0.03125,1,5
84,-0.394576,31.751677,0,7,3.4344,2.4477,1,1,1.1944,49,256,0.19141,64,102
85,0.145367,31.23106,0,8,2.6016,1.69,1,4,1.1944,18,256,0.07031,1,15
86,-0.292248,31.478722,0,8,2.6859,1.4066,1,1,1.1944,23,256,0.08984,0,6
87,-0.15147,31.434137,0,11,1.944,1.9486,0,0,1.1944,2,256,0.00781,0,1
88,0.726581,32.918507,1,8,2.5098,2.2614,0,0,1.1944,8,256,0.03125,8,64
89,0.827235,32.844086,0,9,2.4739,1.8838,1,3,1.1944,0,256,0.0,0,21
90,0.73291,32.958759,0,8,2.481,2.2076,1,1,1.1944,0,256,0.0,0,22
91,0.067728,32.471592,1,6,2.9259,4.7768,1,3,1.1944,211,256,0.82422,193,200
92,0.218554,32.539898,1,3,3.8132,3.6164,1,1,1.1944,136,256,0.53125,59,127
93,0.350127,32.669987,1,8,4.3185,4.2313,1,3,1.1944,224,256,0.875,234,269
94,0.375993,32.535873,1,5,6.9711,4.7341,1,2,1.1944,115,256,0.44922,13,45
95,0.261842,32.556755,1,5,5.5069,5.3192,0,0,1.1944,196,256,0.76562,148,162
96,0.171256,32.347549,0,6,2.8893,1.8807,1,1,1.1944,0,256,0.0,0,41
97,0.050523,32.537659,0,7,4.0211,4.2256,0,0,1.1944,0,256,0.0,0,0
98,0.265681,32.462757,0,9,11.352,10.0032,0,0,1.1944,90,256,0.35156,49,62
99,0.16093,32.552933,0,11,3.9651,4.1449,1,3,1.1944,148,256,0.57812,38,44
100,0.242753,32.344612,0,8,3.6596,2.1683,1,2,1.1944,5,256,0.01953,5,63
101,0.347713,32.68298,0,7,4.2255,4.1316,0,0,0.2986,203,256,0.79297,1892,1915
102,0.349635,32.537231,0,8,3.6215,5.413,1,1,0.2986,78,256,0.30469,5076,11733
103,0.255861,32.604019,0,6,5.5816,4.2137,1,1,0.2986,256,256,1.0,12749,12749
104,0.274455,32.547256,0,7,5.4248,5.8694,1,3,0.2986,131,256,0.51172,4763,8807
105,0.439622,33.779018,0,14,1.1668,1.6109,0,0,0.5972,45,256,0.17578,301,375
106,0.317403,33.883095,0,10,1.1156,1.6355,1,1,0.5972,15,256,0.05859,20,79
107,0.712214,33.69397,0,10,1.1932,1.9939,1,1,0.5972,0,256,0.0,0,11
108,0.103999,33.783092,0,2,0.6257,1.2172,0,0,0.5972,4,256,0.01562,4,25
109,0.467748,34.091698,1,3,2.1071,3.4419,1,2,0.5972,251,256,0.98047,16366,16370
110,0.490654,34.09177,0,8,1.1818,2.1664,1,2,0.5972,14,256,0.05469,198,546
111,0.389015,34.057812,0,10,1.0428,3.2189,1,1,0.5972,5,256,0.01953,1,54
112,0.615905,33.470055,1,4,2.4665,2.6755,1,1,0.5972,188,256,0.73438,3062,3245
113,0.623697,33.474148,1,10,5.2058,3.8601,1,3,0.5972,169,256,0.66016,6039,6351
114,0.551626,33.618896,0,9,0.9651,1.2431,0,0,0.5972,24,256,0.09375,103,157
115,0.88739,33.510559,0,9,1.8963,3.3926,1,1,0.5972,80,256,0.3125,383,524
116,0.595877,33.417397,0,10,1.882,1.3234,1,1,0.5972,0,256,0.0,0,19
117,0.674983,33.519897,0,6,1.0422,1.4875,1,1,0.5972,0,256,0.0,0,40
118,1.016565,33.32798,0,8,1.4567,2.4524,1,2,0.5972,20,256,0.07812,14,65
119,0.775407,33.347477,0,12,2.5411,1.2524,1,3,0.5972,0,256,0.0,0,12
120,0.512376,32.957378,1,8,4.6936,4.3669,0,0,0.5972,0,256,0.0,0,0
121,0.432437,33.240677,1,4,2.3655,3.7886,1,1,0.2986,13,256,0.05078,141,316
122,0.485488,33.238556,1,8,6.1508,4.5189,0,0,0.2986,92,256,0.35938,498,725
123,0.617302,33.346489,0,10,1.4885,1.5869,1,4,0.5972,0,256,0.0,0,26
124,0.551319,33.125862,0,8,1.4347,1.5327,1,3,0.5972,0,256,0.0,0,45
125,0.558306,33.110214,0,9,1.6088,2.2094,1,2,0.5972,0,256,0.0,0,25
126,0.884191,33.202682,1,8,2.3645,2.0757,0,0,0.5972,8,256,0.03125,16,28
127,1.209233,33.047924,0,10,1.1905,2.8832,1,2,0.5972,0,256,0.0,0,40
128,1.093026,33.17445,0,13,1.0418,1.4524,1,1,0.5972,20,256,0.07812,10,30
129,1.008671,33.007843,0,13,1.3202,2.0962,1,1,0.5972,0,256,0.0,0,9
130,0.982801,33.383282,0,12,1.4178,1.4577,0,0,0.5972,9,256,0.03516,11,25
131,1.088838,33.402161,0,8,1.0137,1.1656,0,0,0.5972,62,256,0.24219,89,102
132,0.773993,33.074753,0,9,1.3887,2.5141,1,2,0.5972,0,256,0.0,0,81
133,1.331631,34.660862,0,7,1.519,1.9993,1,2,0.5972,15,256,0.05859,36,166
134,1.382185,34.404453,0,8,1.1432,2.0374,1,2,0.5972,77,256,0.30078,135,247
135,2.030962,33.563293,0,4,1.2777,1.6116,1,2,0.5972,0,256,0.0,0,1
136,1.88799,33.939503,0,11,1.3851,1.4097,0,0,0.5972,7,256,0.02734,1,5
137,1.669409,33.960934,0,11,1.61,1.4509,1,3,0.5972,0,256,0.0,0,3
138,1.205675,33.721718,1,11,5.8322,1.8461,1,2,0.5972,4,256,0.01562,2,17
139,1.199716,34.158424,0,9,1.3578,1.623,1,2,0.5972,0,256,0.0,0,31
140,1.376591,33.875122,0,17,1.4355,1.5035,1,3,0.5972,0,256,0.0,0,5
141,1.531584,34.050114,0,13,1.2969,1.6254,1,1,0.5972,0,256,0.0,0,2
142,1.636499,33.791069,0,12,1.2144,2.7018,1,1,0.5972,19,256,0.07422,13,32
143,1.073454,34.165039,1,4,2.866,2.8706,1,2,0.5972,53,256,0.20703,206,3326
144,1.070755,34.172199,1,5,8.1658,3.1183,1,1,0.5972,51,256,0.19922,160,962
145,0.825317,34.272385,0,12,1.253,1.3847,1,2,0.5972,0,256,0.0,0,27
146,0.802708,34.309647,0,7,0.719,1.547,1,1,0.5972,6,256,0.02344,2,46
147,0.875928,34.376404,0,10,1.3425,2.3012,1,2,0.5972,4,256,0.01562,0,57
148,0.808689,34.336269,0,10,0.8659,1.6756,1,1,0.5972,15,256,0.05859,4,43
149,0.857629,34.366478,0,8,1.3653,1.1816,0,0,0.5972,37,256,0.14453,38,74
150,0.869543,34.381268,0,8,1.2132,2.3499,1,1,0.5972,24,256,0.09375,20,76
151,1.029468,34.246181,0,12,0.8476,1.8904,1,1,0.5972,0,256,0.0,0,6
152,1.049531,34.364651,0,9,1.3824,1.4425,0,0,0.5972,76,256,0.29688,230,356
153,1.1839,33.719593,1,4,2.5399,2.2768,0,0,0.5972,36,256,0.14062,54,139
154,1.149416,33.920567,0,9,1.0667,1.1843,1,1,0.5972,6,256,0.02344,2,35
155,1.234501,33.690136,0,11,1.6968,1.3336,1,4,0.5972,10,256,0.03906,1,32
156,1.2608,33.797054,0,10,1.0568,1.2721,0,0,0.5972,4,256,0.01562,8,46
157,1.278416,34.122654,0,9,1.1297,1.5335,1,1,0.5972,2,256,0.00781,1,48
158,1.69263,33.445885,1,12,2.7317,1.8968,1,4,0.5972,3,256,0.01172,1,31
159,1.561938,33.303337,0,11,1.5032,1.7337,0,0,0.5972,37,256,0.14453,43,60
160,1.578815,33.510971,0,10,1.8142,1.5203,1,3,0.5972,4,256,0.01562,0,3
161,1.740009,33.578697,0,14,1.7925,1.6819,0,0,0.5972,10,256,0.03906,13,49
162,1.697674,33.690063,0,11,2.054,1.8968,1,2,0.5972,25,256,0.09766,3,76
163,0.711118,34.173637,1,4,1.0676,1.1437,1,2,0.5972,15,256,0.05859,45,82
164,1.018523,34.072948,0,8,0.8304,1.1499,1,2,0.5972,7,256,0.02734,3,40
165,0.819429,34.094074,0,9,1.3762,2.6075,1,1,0.5972,22,256,0.08594,11,48
166,0.655946,34.053288,0,12,1.3201,1.5119,0,0,0.5972,2,256,0.00781,2,94
167,0.618686,33.716751,0,12,3.0455,1.5052,1,1,0.5972,8,256,0.03125,16,110
168,0.696242,34.109386,0,8,1.9303,2.25,1,1,0.5972,26,256,0.10156,33,142
169,0.592501,33.390419,0,16,1.6262,1.774,0,0,0.5972,6,256,0.02344,23,81
170,0.423703,33.612171,0,4,0.8048,1.5718,1,1,0.5972,4,256,0.01562,3,31
171,1.245738,34.263573,1,7,2.4806,1.6123,1,1,0.5972,0,256,0.0,0,44
172,1.20074,34.256676,0,9,1.0736,2.2532,1,1,0.5972,0,256,0.0,0,16
173,1.069118,34.093575,0,11,1.92,1.7041,0,0,0.5972,9,256,0.03516,11,48
174,1.152014,34.32674,0,10,1.1094,1.9941,1,2,0.5972,4,256,0.01562,6,106
175,1.374773,34.301998,0,10,0.8984,1.9615,1,2,0.5972,9,256,0.03516,2,21
176,3.387825,31.968801,0,10,1.376,1.8641,1,2,0.5972,0,256,0.0,0,1
177,2.018098,32.551552,1,8,6.3074,1.3529,1,3,0.5972,0,256,0.0,0,3
178,2.407014,32.747772,0,14,1.008,2.0893,1,2,0.5972,0,256,0.0,0,38
179,2.315016,32.870842,0,17,1.2348,1.5588,1,1,0.5972,2,256,0.00781,9,85
180,2.424601,32.851692,0,11,1.0283,3.0146,1,2,0.5972,4,256,0.01562,2,44
181,1.9447,32.639019,0,10,1.1137,1.2444,0,0,0.5972,0,256,0.0,0,2
182,2.058312,32.649014,0,9,1.9795,1.1911,1,2,0.5972,4,256,0.01562,3,37
183,1.839629,32.453163,0,12,2.1149,1.6597,1,2,0.5972,0,256,0.0,0,3
184,2.033412,32.832584,0,2,1.584,1.8776,1,2,0.5972,4,256,0.01562,2,36
185,2.352501,32.254761,0,10,1.0785,2.1675,1,2,0.5972,0,256,0.0,0,7
186,2.364858,32.603275,0,9,0.8245,1.9707,1,1,0.5972,0,256,0.0,0,1
187,2.336441,32.442486,0,13,0.9431,2.404,1,2,0.5972,0,256,0.0,0,4
188,2.132367,32.540195,0,13,1.1936,1.3008,1,1,0.5972,2,256,0.00781,0,13
189,1.939778,32.417744,0,12,1.9812,1.3267,1,1,0.5972,0,256,0.0,0,4
190,2.780453,31.052155,1,12,2.6244,1.7203,1,3,0.5972,1,256,0.00391,2,11
191,3.403118,30.961437,1,6,1.399,2.8641,1,1,0.5972,181,256,0.70703,505,533
192,3.082494,30.945984,0,8,0.9691,1.8115,1,1,0.5972,24,256,0.09375,7,49
193,2.991168,30.961836,0,9,2.9236,2.7443,1,1,0.5972,54,256,0.21094,15,69
194,3.442528,30.945656,0,11,2.2922,1.9712,1,2,0.5972,0,256,0.0,0,23
195,2.619433,31.149132,0,10,1.8217,1.3712,1,1,0.5972,0,256,0.0,0,0
196,3.192004,30.951784,0,10,2.0159,2.3016,1,2,0.5972,3,256,0.01172,0,33
197,2.999792,31.115152,0,11,2.4765,2.5531,1,1,0.5972,0,256,0.0,0,7
198,2.98419,30.992161,0,13,2.5725,1.6449,1,1,0.5972,0,256,0.0,0,11
199,3.066394,31.114929,0,11,1.7339,1.8942,0,0,0.5972,4,256,0.01562,3,14
200,3.245172,31.162683,0,10,1.0621,1.1423,0,0,0.5972,0,256,0.0,0,12
201,2.746597,30.955521,0,9,1.4695,1.9693,1,3,0.5972,0,256,0.0,0,8
202,2.580331,32.475807,1,11,3.5688,1.7543,1,1,0.5972,3,256,0.01172,0,4
203,2.805642,32.35463,1,15,1.713,1.5216,1,1,0.2986,0,256,0.0,0,45
204,2.807803,32.365356,1,15,2.2889,1.9024,1,2,0.2986,0,256,0.0,0,4
205,2.867373,32.280708,0,10,0.8715,1.4094,1,1,0.5972,0,256,0.0,0,22
206,2.530896,32.370598,0,12,1.1684,1.0861,0,0,0.5972,0,256,0.0,0,9
207,2.881602,32.154472,0,5,0.5215,1.0949,0,0,0.5972,4,256,0.01562,0,59
208,3.293719,32.906128,1,11,3.3966,2.1675,1,1,0.5972,45,256,0.17578,184,293
209,3.498156,34.130035,1,7,2.0687,1.7257,0,0,0.5972,0,256,0.0,0,1
210,3.692333,33.964535,0,8,0.6353,0.9552,0,0,0.5972,0,256,0.0,0,1
211,3.606782,34.126358,0,11,0.7061,1.6728,1,1,0.5972,1,256,0.00391,0,0
212,3.517599,34.160358,0,8,0.6449,2.3304,1,1,0.5972,0,256,0.0,0,9
213,3.038332,34.147022,0,8,0.7297,0.6556,0,0,0.5972,10,256,0.03906,4,13
214,3.041134,34.055347,0,9,0.4362,1.1897,1,3,0.5972,0,256,0.0,0,3
215,2.260804,32.942139,1,7,1.8578,1.7833,0,0,0.5972,16,256,0.0625,20,104
216,2.39263,32.771732,1,12,2.6075,1.3671,1,2,0.5972,0,256,0.0,0,45
217,2.319476,32.993797,1,8,3.1984,1.9985,1,2,0.5972,0,256,0.0,0,44
218,2.116832,33.06488,0,13,1.7712,1.6309,1,3,0.5972,0,256,0.0,0,7
219,1.999994,33.240932,0,11,0.9807,1.4227,1,1,0.5972,0,256,0.0,0,10
220,1.799075,33.008945,0,12,2.2241,2.1211,0,0,0.5972,0,256,0.0,0,0
221,2.125449,32.905006,0,9,4.3459,3.6265,0,0,0.5972,6,256,0.02344,9,55
222,1.795213,32.899227,0,10,1.6877,4.1482,1,1,0.5972,0,256,0.0,0,145
223,2.177742,33.124615,0,15,0.7707,1.5072,1,1,0.5972,0,256,0.0,0,7
224,1.993302,33.140167,0,14,1.2502,2.1572,1,2,0.5972,0,256,0.0,0,7
225,2.410871,33.051025,0,4,0.5943,1.7012,1,2,0.5972,0,256,0.0,0,8
226,2.197539,33.107304,0,12,0.9673,1.7899,1,4,0.5972,0,256,0.0,0,12
227,2.114947,33.11628,0,11,0.681,1.0443,0,0,0.5972,11,256,0.04297,9,18
228,2.297658,32.968548,0,12,1.4068,1.6647,1,2,0.5972,0,256,0.0,0,48
229,2.145812,34.204441,0,8,1.0989,1.802,1,2,0.5972,0,256,0.0,0,17
230,2.382185,34.500034,0,9,0.6366,1.404,1,1,0.5972,0,256,0.0,0,0
231,2.567485,34.635078,0,12,0.7686,2.203,1,2,0.5972,0,256,0.0,0,0
232,3.274666,31.710297,0,15,1.6681,1.8723,1,2,0.5972,1,256,0.00391,0,6
233,3.545196,31.704552,0,11,1.5356,1.8048,1,2,0.5972,0,256,0.0,0,0
234,2.258084,31.199875,1,10,1.4406,1.8655,1,2,0.5972,12,256,0.04688,5,25
235,2.480082,30.964668,1,7,2.8129,2.0577,1,3,0.5972,0,256,0.0,0,36
236,2.356898,31.417545,0,7,2.144,1.3976,1,2,0.5972,0,256,0.0,0,15
237,2.567546,30.951069,0,12,1.4769,1.5734,1,1,0.5972,0,256,0.0,0,27
238,2.35982,30.917814,0,7,1.3428,1.3667,1,3,0.5972,0,256,0.0,0,6
239,2.51976,30.889572,0,11,0.9841,1.1496,0,0,0.5972,0,256,0.0,0,34
240,2.543044,30.792597,0,13,1.7387,1.8186,1,3,0.5972,0,256,0.0,0,11
241,2.494488,31.09231,0,8,1.8864,3.0125,1,2,0.5972,77,256,0.30078,105,170
242,1.839345,34.708958,1,11,1.7579,1.2638,1,2,0.5972,0,256,0.0,0,12
243,2.357444,34.586277,0,9,0.7106,3.4147,1,1,0.5972,4,256,0.01562,9,38
244,1.769088,34.857117,0,7,1.0268,2.6985,1,2,0.5972,0,256,0.0,0,4
245,3.558576,31.137333,0,10,1.7635,1.4812,1,2,0.5972,0,256,0.0,0,4
246,3.34776,31.193533,0,10,1.1732,1.977,1,2,0.5972,3,256,0.01172,3,13
247,3.292469,31.364265,0,9,1.8335,1.8892,1,3,0.5972,0,256,0.0,0,2
248,0.675623,30.046373,0,11,2.7889,2.5444,0,0,0.5972,14,256,0.05469,18,55
249,0.785144,30.247507,0,8,1.5647,1.1606,1,3,0.5972,0,256,0.0,0,25
250,-0.550107,30.172365,1,10,2.0187,2.3679,1,1,0.5972,48,256,0.1875,56,114
251,-0.30398,30.378496,0,11,2.982,3.108,1,3,0.5972,30,256,0.11719,6,11
252,-0.260063,30.129675,0,8,1.5816,1.6079,0,0,0.5972,0,256,0.0,0,43
253,-0.474377,30.139322,0,14,1.9597,1.205,1,1,0.5972,13,256,0.05078,4,74
254,-0.43739,30.292999,0,10,2.8369,1.8344,1,2,0.5972,5,256,0.01953,3,22
255,-0.529316,29.961195,0,8,2.6661,1.2692,1,1,0.5972,0,256,0.0,0,15
256,-0.35582,30.425356,0,12,2.0689,2.0488,1,1,0.5972,1,256,0.00391,0,72
257,1.442904,31.321112,1,8,1.8877,2.5825,1,4,0.5972,76,256,0.29688,380,501
258,1.361871,31.451387,0,7,1.3138,1.684,1,1,0.5972,16,256,0.0625,26,73
259,1.474652,31.338894,0,11,3.7996,2.3148,1,1,0.5972,46,256,0.17969,220,508
260,1.441958,31.155403,0,7,1.4342,1.8042,1,4,0.5972,0,256,0.0,0,5
261,1.222983,30.819361,0,11,0.9379,4.0839,1,1,0.5972,50,256,0.19531,499,602
262,-1.170196,30.039474,1,9,1.7379,2.0254,1,1,0.5972,33,256,0.12891,28,56
263,-1.255216,30.05682,0,11,2.1358,2.6909,1,2,0.5972,0,256,0.0,0,15
264,-1.397798,29.935001,0,14,1.4962,2.5774,1,1,0.5972,5,256,0.01953,4,59
265,-1.213774,29.842369,0,9,1.6529,1.3698,1,1,0.5972,0,256,0.0,0,36
266,-1.157262,30.06245,0,8,1.5617,2.9264,1,1,0.5972,14,256,0.05469,12,94
267,0.640799,30.301283,1,7,2.5707,3.9987,1,1,0.5972,70,256,0.27344,413,854
268,0.626914,30.277119,1,9,1.7021,2.6882,1,1,0.5972,76,256,0.29688,218,311
269,0.447067,30.165287,0,5,1.2426,2.0021,1,2,0.5972,2,256,0.00781,5,318
270,0.578552,30.161201,0,8,1.3726,1.2203,1,2,0.5972,6,256,0.02344,14,284
271,0.196561,30.08539,1,4,3.5276,3.5044,0,0,0.5972,27,256,0.10547,23,43
272,0.000342,29.73391,0,12,1.2766,1.7563,1,1,0.5972,0,256,0.0,0,75
273,0.080449,29.85224,0,9,1.1263,1.3693,1,2,0.5972,0,256,0.0,0,7
274,0.358267,30.085493,0,10,1.3827,1.7544,0,0,0.5972,24,256,0.09375,36,107
275,0.058414,29.949335,0,9,1.7962,1.7926,1,1,0.5972,10,256,0.03906,9,91
276,0.940079,30.811918,1,3,3.947,2.4974,1,1,0.5972,21,256,0.08203,74,470
277,1.020719,31.124216,0,9,1.8457,1.7506,1,2,0.5972,0,256,0.0,0,19
278,0.887236,30.693213,0,8,1.2688,1.5653,0,0,0.5972,0,256,0.0,0,39
279,1.009102,30.557779,0,5,1.5343,1.8409,1,2,0.5972,0,256,0.0,0,1
280,0.914467,31.071218,0,8,1.7066,2.7238,1,2,0.5972,4,256,0.01562,3,13
281,-1.1506,29.672838,0,11,1.2975,1.5786,1,2,0.5972,2,256,0.00781,1,26
282,-1.324973,29.753521,0,12,0.9549,1.9687,1,2,0.5972,7,256,0.02734,166,661
283,1.694317,31.711855,1,5,2.5533,4.1759,1,1,0.5972,137,256,0.53516,2170,2433
284,1.626025,31.584976,0,3,1.6883,1.6185,1,2,0.5972,0,256,0.0,0,1
285,2.092655,31.480083,0,9,1.1392,1.6353,1,3,0.5972,0,256,0.0,0,0
286,1.746652,31.670069,0,4,1.3619,1.5473,1,2,0.5972,0,256,0.0,0,12
287,2.227439,32.261585,0,1,0.3492,1.1812,1,2,0.5972,0,256,0.0,0,34
288,-0.608761,30.67223,1,6,5.3569,5.2283,0,0,0.5972,213,256,0.83203,2444,2464
289,-0.593402,30.661873,1,2,5.0832,4.9923,1,2,0.5972,198,256,0.77344,1649,1692
290,-0.132563,30.478821,1,8,3.8321,2.3912,1,3,0.5972,10,256,0.03906,20,50
291,-0.925602,30.794159,0,9,1.4588,1.438,1,2,0.5972,1,256,0.00391,47,128
292,0.021427,30.51725,0,10,1.9953,2.2268,1,1,0.5972,68,256,0.26562,73,156
293,-0.186343,30.570772,0,13,2.8333,3.4556,1,3,0.5972,10,256,0.03906,1,6
294,-0.581139,30.787127,0,8,3.2795,5.2063,1,1,0.5972,5,256,0.01953,0,0
295,-0.855295,30.659582,0,12,1.7688,1.5692,1,1,0.5972,20,256,0.07812,18,39
296,-0.560572,30.678801,0,8,2.9921,3.0275,0,0,0.5972,34,256,0.13281,20,29
297,-0.295057,30.625927,0,12,1.7015,2.1232,0,0,0.5972,29,256,0.11328,13,19
298,-0.151138,30.948854,0,3,1.3778,1.5783,0,0,0.5972,96,256,0.375,110,119
299,-0.278874,30.890127,0,8,1.668,1.6108,0,0,0.5972,0,256,0.0,0,6
300,-0.724214,30.422215,0,11,1.7348,2.0728,1,1,0.5972,0,256,0.0,0,10
301,-0.871554,30.27462,1,9,7.2162,3.1198,1,1,0.5972,52,256,0.20312,104,135
302,-0.760571,30.179094,0,7,2.1446,2.2034,1,1,0.5972,31,256,0.12109,20,122
303,-0.867663,30.354115,0,9,1.1616,1.5242,0,0,0.5972,26,256,0.10156,9,34
304,-1.005568,30.387573,0,9,1.3776,2.0611,1,1,0.5972,36,256,0.14062,399,582
305,-0.770572,30.282516,0,12,1.8383,3.7841,1,1,0.5972,38,256,0.14844,5,24
306,-0.964901,29.959688,0,9,1.9682,1.5653,1,1,0.5972,0,256,0.0,0,1
307,-0.635573,29.814281,0,10,1.2647,3.3474,1,2,0.5972,22,256,0.08594,18,190
308,0.389081,30.486662,0,8,1.072,1.4764,0,0,0.5972,4,256,0.01562,5,15
309,0.146912,30.50021,0,11,1.935,2.2497,1,1,0.5972,16,256,0.0625,9,90
310,-0.105038,30.264219,0,6,1.4003,1.7269,0,0,0.5972,1,256,0.00391,0,9
311,-0.896751,29.778324,1,7,3.4569,3.405,0,0,0.5972,74,256,0.28906,415,443
312,-0.779665,29.653027,0,9,1.3037,1.4034,1,2,0.5972,0,256,0.0,0,60
313,-0.920324,29.801229,0,9,1.7231,1.3926,1,2,0.5972,0,256,0.0,0,25
314,0.599729,30.642483,1,4,7.0259,3.4445,1,1,0.5972,74,256,0.28906,515,746
315,0.41965,31.036463,0,7,1.3959,1.4672,1,2,0.5972,0,256,0.0,0,17
316,0.591024,30.47159,0,6,2.6133,1.7671,1,3,0.5972,0,256,0.0,0,71
317,0.728758,30.646589,0,8,1.6942,1.6061,1,2,0.5972,0,256,0.0,0,218
318,0.822012,30.792131,0,10,2.1387,2.1021,1,1,0.5972,1,256,0.00391,0,11
