seed,method,variant,r2,mse,ev,spearman,hr_frac,target
0,no_dropping,counts_only,0.20223994605963,5.9592881340314765,0.1966000632536805,0.37118290213915056,1.0,pc_cons
0,no_dropping,counts_plus_lr,0.28213000003990407,5.408198157047717,0.2821095631218252,0.5907051282051281,1.0,pc_cons
0,no_dropping,countsall_plus_lr,0.28213000003990407,5.408198157047717,0.2821095631218252,0.5907051282051281,1.0,pc_cons
0,fixed_center,counts_only,0.00045906778819410657,8.502788246523245,-0.05134695867231387,0.029605113999717637,0.16796875,pc_cons
0,fixed_center,counts_plus_lr,0.20757065080135628,6.05266929682521,0.204505655197595,0.5734432234432234,0.16796875,pc_cons
0,fixed_center,countsall_plus_lr,0.20757065080135628,6.05266929682521,0.204505655197595,0.5734432234432234,0.16796875,pc_cons
0,random,counts_only,0.03827931154966455,7.705046517868803,0.03822188244113345,0.1942151974322982,0.16796875,pc_cons
0,random,counts_plus_lr,0.21103213338870472,5.999997437139784,0.20825613848972124,0.5674908424908424,0.16796875,pc_cons
0,random,countsall_plus_lr,0.21103213338870472,5.999997437139784,0.20825613848972124,0.5674908424908424,0.16796875,pc_cons
0,stochastic,counts_only,0.006907332969375672,8.270782850692868,-0.002102029097807323,-0.00810342259484663,0.16796875,pc_cons
0,stochastic,counts_plus_lr,0.20833156861307742,6.061782252244598,0.20627238761244682,0.578021978021978,0.16796875,pc_cons
0,stochastic,countsall_plus_lr,0.20833156861307742,6.061782252244598,0.20627238761244682,0.578021978021978,0.16796875,pc_cons
0,green_tiles,counts_only,0.0009207593673652924,8.5613481619859,-0.05584645182483006,-0.05940870277470946,0.16796875,pc_cons
0,green_tiles,counts_plus_lr,0.20444327366860454,6.09804773691703,0.20278825305467563,0.5732600732600731,0.16796875,pc_cons
0,green_tiles,countsall_plus_lr,0.20444327366860454,6.09804773691703,0.20278825305467563,0.5732600732600731,0.16796875,pc_cons
0,counts_pred,counts_only,0.05083778824324194,7.600182094204349,0.04845258804623542,-9.168325261676763e-05,0.16796875,pc_cons
0,counts_pred,counts_plus_lr,0.24933638031244423,5.774362964370956,0.24926447177245303,0.5890567765567765,0.16796875,pc_cons
0,counts_pred,countsall_plus_lr,0.24933638031244423,5.774362964370956,0.24926447177245303,0.5890567765567765,0.16796875,pc_cons
0,rl,counts_only,0.012146806098184457,7.94760251494443,-0.026704727119755578,-0.05200243801781561,0.16876220703125,pc_cons
0,rl,counts_plus_lr,0.20681149398619816,6.112318949683091,0.20505413380356396,0.5834249084249084,0.16876220703125,pc_cons
0,rl,countsall_plus_lr,0.20681149398619816,6.112318949683091,0.20505413380356396,0.5834249084249084,0.16876220703125,pc_cons
0,lr_only,lr_only,0.26287477880629195,5.519759306530401,0.26259197038066706,0.5654304029304029,0.0,pc_cons
0,no_dropping,counts_only,0.20830372190526356,0.4344865142468484,0.19663901037962128,0.3929287144575237,1.0,log_pc_cons
0,no_dropping,counts_plus_lr,0.4250623276331709,0.31827513301918187,0.4232984798427222,0.6638278388278388,1.0,log_pc_cons
0,no_dropping,countsall_plus_lr,0.4250623276331709,0.31827513301918187,0.4232984798427222,0.6638278388278388,1.0,log_pc_cons
0,fixed_center,counts_only,0.003452303446833263,0.6432072050961216,-0.07768372370323817,0.1234806271381038,0.16796875,log_pc_cons
0,fixed_center,counts_plus_lr,0.39511281688369276,0.34332398226375954,0.3948415628643156,0.6470238095238094,0.16796875,log_pc_cons
0,fixed_center,countsall_plus_lr,0.39511281688369276,0.34332398226375954,0.3948415628643156,0.6470238095238094,0.16796875,log_pc_cons
0,random,counts_only,0.07725958269050714,0.5467575577239662,0.0756553038568667,0.18195429122682766,0.16796875,log_pc_cons
0,random,counts_plus_lr,0.3905765172760179,0.3440040652796663,0.38969106905810535,0.6453754578754577,0.16796875,log_pc_cons
0,random,countsall_plus_lr,0.3905765172760179,0.3440040652796663,0.38969106905810535,0.6453754578754577,0.16796875,log_pc_cons
0,stochastic,counts_only,0.0032938481468647363,0.6529613336651268,-0.06150361201719101,0.06365589870280046,0.16796875,log_pc_cons
0,stochastic,counts_plus_lr,0.39583885232830607,0.34517131794050265,0.39580554090100006,0.6510073260073259,0.16796875,log_pc_cons
0,stochastic,countsall_plus_lr,0.39583885232830607,0.34517131794050265,0.39580554090100006,0.6510073260073259,0.16796875,log_pc_cons
0,green_tiles,counts_only,0.0010114155275209797,0.663065303500018,-0.13105968832069004,-0.05592293428948715,0.16796875,log_pc_cons
0,green_tiles,counts_plus_lr,0.3858154604479876,0.3464807059264844,0.385341080009473,0.6409340659340659,0.16796875,log_pc_cons
0,green_tiles,countsall_plus_lr,0.3858154604479876,0.3464807059264844,0.385341080009473,0.6409340659340659,0.16796875,log_pc_cons
0,counts_pred,counts_only,0.021473557022235686,0.5967331241340322,-0.02612952798421264,0.04405380288235684,0.16796875,log_pc_cons
0,counts_pred,counts_plus_lr,0.390308049996017,0.34497089620153454,0.38999688788246967,0.64757326007326,0.16796875,log_pc_cons
0,counts_pred,countsall_plus_lr,0.390308049996017,0.34497089620153454,0.38999688788246967,0.64757326007326,0.16796875,log_pc_cons
0,rl,counts_only,0.04487853891016408,0.5659488235922567,0.01714486225475864,0.14141839479053023,0.16876220703125,log_pc_cons
0,rl,counts_plus_lr,0.3918504305517774,0.34592091232285016,0.3909558922956342,0.6478937728937728,0.16876220703125,log_pc_cons
0,rl,countsall_plus_lr,0.3918504305517774,0.34592091232285016,0.3909558922956342,0.6478937728937728,0.16876220703125,log_pc_cons
0,lr_only,lr_only,0.42461493629534564,0.3170287447079979,0.42460538686963945,0.6674908424908425,0.0,log_pc_cons
0,rl_matched,counts_only,0.003988925774866492,8.18780101081827,-0.09350423334742253,0.28825229372443084,0.16876220703125,pc_cons
0,rl_matched,counts_plus_lr,0.15648553569974183,6.418977932169433,0.14428015632415814,0.5256868131868132,0.16876220703125,pc_cons
0,rl_matched,countsall_plus_lr,0.15648553569974183,6.418977932169433,0.14428015632415814,0.5256868131868132,0.16876220703125,pc_cons
0,rl_matched,counts_only,0.03891080909517476,0.575418671012409,-0.03462390574126828,0.36519800804923813,0.16876220703125,log_pc_cons
0,rl_matched,counts_plus_lr,0.3696097874902238,0.35469526713263955,0.36652107076088747,0.6334706959706958,0.16876220703125,log_pc_cons
0,rl_matched,countsall_plus_lr,0.3696097874902238,0.35469526713263955,0.36652107076088747,0.6334706959706958,0.16876220703125,log_pc_cons
1,no_dropping,counts_only,0.15446683087596283,2.3032908085235118,0.04950749828314127,0.45403339030309303,1.0,pc_cons
1,no_dropping,counts_plus_lr,0.3180988914615285,1.8889420388420048,0.2641345362871774,0.5429945054945055,1.0,pc_cons
1,no_dropping,countsall_plus_lr,0.3180988914615285,1.8889420388420048,0.2641345362871774,0.5429945054945055,1.0,pc_cons
1,fixed_center,counts_only,0.004144725722497512,2.677887303586867,-0.16176726857888113,0.09507690613619373,0.171875,pc_cons
1,fixed_center,counts_plus_lr,0.36526541510871113,1.6128785713928915,0.34553605905375495,0.4991758241758241,0.171875,pc_cons
1,fixed_center,countsall_plus_lr,0.36526541510871113,1.6128785713928915,0.34553605905375495,0.4991758241758241,0.171875,pc_cons
1,random,counts_only,0.06544007609863974,2.172208090954076,0.060626882363561285,-0.10817763959353066,0.171875,pc_cons
1,random,counts_plus_lr,0.3501276376256262,1.6855767133553443,0.31756364734183495,0.48992673992673985,0.171875,pc_cons
1,random,countsall_plus_lr,0.3501276376256262,1.6855767133553443,0.31756364734183495,0.48992673992673985,0.171875,pc_cons
1,stochastic,counts_only,0.0201029568950166,2.5522625359901627,-0.09620086669934191,-0.17680734841587037,0.171875,pc_cons
1,stochastic,counts_plus_lr,0.37975667618205916,1.5826515932024257,0.3586254781257372,0.4915750915750915,0.171875,pc_cons
1,stochastic,countsall_plus_lr,0.37975667618205916,1.5826515932024257,0.3586254781257372,0.4915750915750915,0.171875,pc_cons
1,green_tiles,counts_only,0.0027115268060794386,2.6677668797278518,-0.15341371070785126,0.09562066307955587,0.171875,pc_cons
1,green_tiles,counts_plus_lr,0.3310475326115095,1.7129784447843555,0.3000146459873505,0.47142857142857136,0.171875,pc_cons
1,green_tiles,countsall_plus_lr,0.3310475326115095,1.7129784447843555,0.3000146459873505,0.47142857142857136,0.171875,pc_cons
1,counts_pred,counts_only,0.009256226499617591,3.5396567558637053,-0.5347920636762471,-0.09586971801495021,0.171875,pc_cons
1,counts_pred,counts_plus_lr,0.38738494343562824,1.5785274914832117,0.36483910897162564,0.5251831501831501,0.171875,pc_cons
1,counts_pred,countsall_plus_lr,0.38738494343562824,1.5785274914832117,0.36483910897162564,0.5251831501831501,0.171875,pc_cons
1,rl,counts_only,0.026454683148927956,3.706788343010534,-0.5693395305142965,0.3629566966475144,0.1724853515625,pc_cons
1,rl,counts_plus_lr,0.33692873348034486,1.728301471093575,0.3072316552530122,0.5058608058608058,0.1724853515625,pc_cons
1,rl,countsall_plus_lr,0.33692873348034486,1.728301471093575,0.3072316552530122,0.5058608058608058,0.1724853515625,pc_cons
1,lr_only,lr_only,0.3294598993567654,1.7787485496477986,0.26815057497414696,0.5584706959706959,0.0,pc_cons
1,no_dropping,counts_only,0.28010614313125687,0.2984694436594013,0.278092925242839,0.5151237672927875,1.0,log_pc_cons
1,no_dropping,counts_plus_lr,0.42883184000207974,0.2311744245663004,0.42882871304100934,0.6018772893772893,1.0,log_pc_cons
1,no_dropping,countsall_plus_lr,0.42883184000207974,0.2311744245663004,0.42882871304100934,0.6018772893772893,1.0,log_pc_cons
1,fixed_center,counts_only,0.0412150392150195,0.3617662716668728,0.02892163207213949,0.23944757993585675,0.171875,log_pc_cons
1,fixed_center,counts_plus_lr,0.41506361218930254,0.22850154647673,0.39929767847386755,0.6013278388278387,0.171875,log_pc_cons
1,fixed_center,countsall_plus_lr,0.41506361218930254,0.22850154647673,0.39929767847386755,0.6013278388278387,0.171875,log_pc_cons
1,random,counts_only,0.015695289191829866,0.3706268784039732,0.004595431912320258,0.07612330721715171,0.171875,log_pc_cons
1,random,counts_plus_lr,0.4096365531689827,0.22909053871473603,0.3992875136886983,0.574496336996337,0.171875,log_pc_cons
1,random,countsall_plus_lr,0.4096365531689827,0.22909053871473603,0.3992875136886983,0.574496336996337,0.171875,log_pc_cons
1,stochastic,counts_only,0.009319705880980744,0.4075339762536886,-0.09437438739975468,-0.10499660713784968,0.171875,log_pc_cons
1,stochastic,counts_plus_lr,0.39271153339384807,0.23489021036622337,0.3810397774072062,0.5807692307692307,0.171875,log_pc_cons
1,stochastic,countsall_plus_lr,0.39271153339384807,0.23489021036622337,0.3810397774072062,0.5807692307692307,0.171875,log_pc_cons
1,green_tiles,counts_only,0.007601440571637576,0.3902641522030102,-0.04145062692041779,0.10767805262346009,0.171875,log_pc_cons
1,green_tiles,counts_plus_lr,0.3916184326592473,0.23405442658297296,0.38432314302400206,0.5767857142857142,0.171875,log_pc_cons
1,green_tiles,countsall_plus_lr,0.3916184326592473,0.23405442658297296,0.38432314302400206,0.5767857142857142,0.171875,log_pc_cons
1,counts_pred,counts_only,0.00012281341727560038,0.4252163134503346,-0.13988590571133463,-0.033147785416399754,0.171875,log_pc_cons
1,counts_pred,counts_plus_lr,0.4137971149241893,0.22834637474188207,0.4018488287000732,0.5819139194139193,0.171875,log_pc_cons
1,counts_pred,countsall_plus_lr,0.4137971149241893,0.22834637474188207,0.4018488287000732,0.5819139194139193,0.171875,log_pc_cons
1,rl,counts_only,0.09836343840965533,0.34948020845252636,0.08390546345003413,0.4602016983908107,0.1724853515625,log_pc_cons
1,rl,counts_plus_lr,0.42975446732968964,0.2247343482556213,0.4291845809015048,0.5946428571428571,0.1724853515625,log_pc_cons
1,rl,countsall_plus_lr,0.42975446732968964,0.2247343482556213,0.4291845809015048,0.5946428571428571,0.1724853515625,log_pc_cons
1,lr_only,lr_only,0.41130285366047487,0.23053150065889078,0.4106064670379769,0.6031593406593405,0.0,log_pc_cons
1,rl_matched,counts_only,0.04077655218377546,2.9617011912725397,-0.2772814921453859,0.14711907743097039,0.1724853515625,pc_cons
1,rl_matched,counts_plus_lr,0.36767133583077605,1.6262491571298874,0.34520462343889313,0.4996794871794871,0.1724853515625,pc_cons
1,rl_matched,countsall_plus_lr,0.36767133583077605,1.6262491571298874,0.34520462343889313,0.4996794871794871,0.1724853515625,pc_cons
1,rl_matched,counts_only,0.026421256668634194,0.44728496016019015,-0.1951291212182522,0.08751577864513262,0.1724853515625,log_pc_cons
1,rl_matched,counts_plus_lr,0.4638291227469133,0.20943638941809578,0.46280472741155687,0.6306776556776557,0.1724853515625,log_pc_cons
1,rl_matched,countsall_plus_lr,0.4638291227469133,0.20943638941809578,0.46280472741155687,0.6306776556776557,0.1724853515625,log_pc_cons
2,no_dropping,counts_only,0.17403484485083473,5.82909301713258,0.17011781128306025,0.1932499903752101,1.0,pc_cons
2,no_dropping,counts_plus_lr,0.2810613182435891,4.80218387795676,0.2776704588958947,0.4541666666666666,1.0,pc_cons
2,no_dropping,countsall_plus_lr,0.2810613182435891,4.80218387795676,0.2776704588958947,0.4541666666666666,1.0,pc_cons
2,fixed_center,counts_only,0.0351843098871952,8.128162826765283,-0.1994648252860698,-0.20884789670846393,0.140625,pc_cons
2,fixed_center,counts_plus_lr,0.2582775602055434,5.010721786101262,0.2514512215855642,0.43319597069597066,0.140625,pc_cons
2,fixed_center,countsall_plus_lr,0.2582775602055434,5.010721786101262,0.2514512215855642,0.43319597069597066,0.140625,pc_cons
2,random,counts_only,0.003192162547457685,7.606495999133312,-0.06918460208304023,0.10524038722611218,0.140625,pc_cons
2,random,counts_plus_lr,0.2429881418341561,5.094989240230316,0.2387883823751824,0.42380952380952375,0.140625,pc_cons
2,random,countsall_plus_lr,0.2429881418341561,5.094989240230316,0.2387883823751824,0.42380952380952375,0.140625,pc_cons
2,stochastic,counts_only,0.024571388680396405,7.787529279178994,-0.14194100386055486,-0.15770516306092497,0.140625,pc_cons
2,stochastic,counts_plus_lr,0.25720155155308255,5.01684916937133,0.2505079346288176,0.4363553113553113,0.140625,pc_cons
2,stochastic,countsall_plus_lr,0.25720155155308255,5.01684916937133,0.2505079346288176,0.4363553113553113,0.140625,pc_cons
2,green_tiles,counts_only,0.02762529875515396,8.036935368935154,-0.16373425379248885,-0.16811340114083567,0.140625,pc_cons
2,green_tiles,counts_plus_lr,0.24583520828549263,5.071640930421765,0.24187636692314052,0.42522893772893766,0.140625,pc_cons
2,green_tiles,countsall_plus_lr,0.24583520828549263,5.071640930421765,0.24187636692314052,0.42522893772893766,0.140625,pc_cons
2,counts_pred,counts_only,0.0024146270659998873,7.540384556771183,-0.07649467103187235,-0.1183698061941777,0.140625,pc_cons
2,counts_pred,counts_plus_lr,0.2544860231867204,5.044094084268966,0.24786036915452614,0.4394688644688644,0.140625,pc_cons
2,counts_pred,countsall_plus_lr,0.2544860231867204,5.044094084268966,0.24786036915452614,0.4394688644688644,0.140625,pc_cons
2,rl,counts_only,0.018610604617265696,6.5957551827719465,-0.004572857610559922,-0.05331028195841408,0.14208984375,pc_cons
2,rl,counts_plus_lr,0.27592433319222515,4.929832643131959,0.2652054401944055,0.4315018315018314,0.14208984375,pc_cons
2,rl,countsall_plus_lr,0.27592433319222515,4.929832643131959,0.2652054401944055,0.4315018315018314,0.14208984375,pc_cons
2,lr_only,lr_only,0.24641580532969376,4.887076674253047,0.24570202216128556,0.49587912087912084,0.0,pc_cons
2,no_dropping,counts_only,0.05511634991303138,0.5456185540380957,-0.07644224076915851,0.2186655696781109,1.0,log_pc_cons
2,no_dropping,counts_plus_lr,0.39034585037208347,0.3081040201334558,0.3900843914221911,0.6030677655677655,1.0,log_pc_cons
2,no_dropping,countsall_plus_lr,0.39034585037208347,0.3081040201334558,0.3900843914221911,0.6030677655677655,1.0,log_pc_cons
2,fixed_center,counts_only,0.04968564881805138,0.669655939594046,-0.36157511252450014,-0.22171951741550733,0.140625,log_pc_cons
2,fixed_center,counts_plus_lr,0.3820027452648742,0.33555171949314094,0.37047021441120864,0.6105311355311355,0.140625,log_pc_cons
2,fixed_center,countsall_plus_lr,0.3820027452648742,0.33555171949314094,0.37047021441120864,0.6105311355311355,0.140625,log_pc_cons
2,random,counts_only,0.0006434738990572722,0.6020652014091212,-0.14304823598910188,-0.007148229631922605,0.140625,log_pc_cons
2,random,counts_plus_lr,0.369981419849147,0.34048973357338785,0.3611877910292264,0.6120421245421245,0.140625,log_pc_cons
2,random,countsall_plus_lr,0.369981419849147,0.34048973357338785,0.3611877910292264,0.6120421245421245,0.140625,log_pc_cons
2,stochastic,counts_only,0.013005249829997267,0.5990360264640341,-0.22078755908392234,-0.17493384842476573,0.140625,log_pc_cons
2,stochastic,counts_plus_lr,0.38447924890120705,0.33276161274346716,0.3728471865998838,0.6109432234432234,0.140625,log_pc_cons
2,stochastic,countsall_plus_lr,0.38447924890120705,0.33276161274346716,0.3728471865998838,0.6109432234432234,0.140625,log_pc_cons
2,green_tiles,counts_only,0.026201955871764614,0.6685315323697819,-0.3370149090268264,-0.21125714129681486,0.140625,log_pc_cons
2,green_tiles,counts_plus_lr,0.357820664694742,0.34182445821704066,0.35163043566678376,0.596062271062271,0.140625,log_pc_cons
2,green_tiles,countsall_plus_lr,0.357820664694742,0.34182445821704066,0.35163043566678376,0.596062271062271,0.140625,log_pc_cons
2,counts_pred,counts_only,0.0037224147491131186,0.60340296948451,-0.1873586399141265,-0.09385575674384189,0.140625,log_pc_cons
2,counts_pred,counts_plus_lr,0.3787840035707393,0.3330656347554234,0.3693403961720627,0.5972527472527471,0.140625,log_pc_cons
2,counts_pred,countsall_plus_lr,0.3787840035707393,0.3330656347554234,0.3693403961720627,0.5972527472527471,0.140625,log_pc_cons
2,rl,counts_only,0.00272520182926282,0.5423804560068635,-0.1559982098902053,-0.08881886460568143,0.14208984375,log_pc_cons
2,rl,counts_plus_lr,0.3815706128511886,0.32719858711564787,0.3757090730190228,0.5936813186813186,0.14208984375,log_pc_cons
2,rl,countsall_plus_lr,0.3815706128511886,0.32719858711564787,0.3757090730190228,0.5936813186813186,0.14208984375,log_pc_cons
2,lr_only,lr_only,0.3337164628824376,0.32695967059760855,0.3323463964689577,0.5826923076923077,0.0,log_pc_cons
2,rl_matched,counts_only,0.044880091128235614,7.35217907809276,-0.1611364693481765,0.3390382226995094,0.14208984375,pc_cons
2,rl_matched,counts_plus_lr,0.21316397534365542,5.128123571270498,0.21065167677749774,0.46932234432234426,0.14208984375,pc_cons
2,rl_matched,countsall_plus_lr,0.21316397534365542,5.128123571270498,0.21065167677749774,0.46932234432234426,0.14208984375,pc_cons
2,rl_matched,counts_only,0.12703716165368328,0.4479267013305391,0.0431789523066054,0.3781024044102548,0.14208984375,log_pc_cons
2,rl_matched,counts_plus_lr,0.33045794095549247,0.33114000760067697,0.3303584571937396,0.586996336996337,0.14208984375,log_pc_cons
2,rl_matched,countsall_plus_lr,0.33045794095549247,0.33114000760067697,0.3303584571937396,0.586996336996337,0.14208984375,log_pc_cons
3,no_dropping,counts_only,0.07156408860120514,4.967688617792672,-0.4222250923749855,0.24242632925336002,1.0,pc_cons
3,no_dropping,counts_plus_lr,0.38095995840420793,2.1917338163958107,0.3573470437903895,0.4144230769230769,1.0,pc_cons
3,no_dropping,countsall_plus_lr,0.38095995840420793,2.1917338163958107,0.3573470437903895,0.4144230769230769,1.0,pc_cons
3,fixed_center,counts_only,0.027238562095244685,3.563073850096476,0.02054573699852491,-0.044485921981991174,0.109375,pc_cons
3,fixed_center,counts_plus_lr,0.4777709407966489,1.7929079478565249,0.4763480515481143,0.47999084249084245,0.109375,pc_cons
3,fixed_center,countsall_plus_lr,0.4777709407966489,1.7929079478565249,0.4763480515481143,0.47999084249084245,0.109375,pc_cons
3,random,counts_only,0.02756065971575468,3.641685552627301,-0.02319507100436402,-0.0416480255678747,0.109375,pc_cons
3,random,counts_plus_lr,0.5164127573423225,1.6730942669443654,0.51046477220435,0.482554945054945,0.109375,pc_cons
3,random,countsall_plus_lr,0.5164127573423225,1.6730942669443654,0.51046477220435,0.482554945054945,0.109375,pc_cons
3,stochastic,counts_only,0.0002446947811995976,3.8577179632448355,-0.05122926294774266,-0.01633175455846922,0.109375,pc_cons
3,stochastic,counts_plus_lr,0.45828463548019865,1.85451008694633,0.45770903963236476,0.4706043956043956,0.109375,pc_cons
3,stochastic,countsall_plus_lr,0.45828463548019865,1.85451008694633,0.45770903963236476,0.4706043956043956,0.109375,pc_cons
3,green_tiles,counts_only,1.5253043795348383e-05,3.9743681731113227,-0.1451410897622294,-0.07398501661035434,0.109375,pc_cons
3,green_tiles,counts_plus_lr,0.46768872646275544,1.819943322832113,0.46695944125433764,0.4612179487179487,0.109375,pc_cons
3,green_tiles,countsall_plus_lr,0.46768872646275544,1.819943322832113,0.46695944125433764,0.4612179487179487,0.109375,pc_cons
3,counts_pred,counts_only,2.104988621796155e-06,4.184494038809058,-0.2099109685635987,-0.10120879024455301,0.109375,pc_cons
3,counts_pred,counts_plus_lr,0.4876846168109816,1.7608091134633252,0.4841544862646687,0.45293040293040293,0.109375,pc_cons
3,counts_pred,countsall_plus_lr,0.4876846168109816,1.7608091134633252,0.4841544862646687,0.45293040293040293,0.109375,pc_cons
3,rl,counts_only,0.015982729932848497,3.7889003401720505,-0.10571309572448939,-0.11208658404953985,0.108642578125,pc_cons
3,rl,counts_plus_lr,0.4367052457623374,1.9149918409496485,0.4366194166759535,0.4421245421245421,0.108642578125,pc_cons
3,rl,countsall_plus_lr,0.4367052457623374,1.9149918409496485,0.4366194166759535,0.4421245421245421,0.108642578125,pc_cons
3,lr_only,lr_only,0.5387254669165978,1.5649182986246772,0.538156872620076,0.5077838827838828,0.0,pc_cons
3,no_dropping,counts_only,0.06985315644378261,0.45531531041217876,-0.1174756643171615,0.19270046433622845,1.0,log_pc_cons
3,no_dropping,counts_plus_lr,0.31662692669994674,0.28257113330462114,0.2904699712579445,0.44001831501831495,1.0,log_pc_cons
3,no_dropping,countsall_plus_lr,0.31662692669994674,0.28257113330462114,0.2904699712579445,0.44001831501831495,1.0,log_pc_cons
3,fixed_center,counts_only,0.0007629102778300183,0.4789130217019929,-0.10583321683337799,0.0759890278207025,0.109375,log_pc_cons
3,fixed_center,counts_plus_lr,0.38908117557704514,0.2477413861984438,0.38879943774040415,0.4832417582417582,0.109375,log_pc_cons
3,fixed_center,countsall_plus_lr,0.38908117557704514,0.2477413861984438,0.38879943774040415,0.4832417582417582,0.109375,log_pc_cons
3,random,counts_only,0.0010927200775628881,0.48536347285752834,-0.1601249236073543,0.048254673778883705,0.109375,log_pc_cons
3,random,counts_plus_lr,0.3914861349525007,0.2467894744234905,0.3906255750614339,0.48859890109890103,0.109375,log_pc_cons
3,random,countsall_plus_lr,0.3914861349525007,0.2467894744234905,0.3906255750614339,0.48859890109890103,0.109375,log_pc_cons
3,stochastic,counts_only,0.0005960194862221262,0.4799514900748509,-0.0978718174927169,0.06588220535767753,0.109375,log_pc_cons
3,stochastic,counts_plus_lr,0.3672038242119988,0.2562795317958686,0.3672015685469864,0.47074175824175823,0.109375,log_pc_cons
3,stochastic,countsall_plus_lr,0.3672038242119988,0.2562795317958686,0.3672015685469864,0.47074175824175823,0.109375,log_pc_cons
3,green_tiles,counts_only,0.001288610721912773,0.49277443755451944,-0.21553428365563887,-0.05131921927360082,0.109375,log_pc_cons
3,green_tiles,counts_plus_lr,0.3750019820917554,0.25130575033790714,0.3749799255128933,0.46689560439560435,0.109375,log_pc_cons
3,green_tiles,countsall_plus_lr,0.3750019820917554,0.25130575033790714,0.3749799255128933,0.46689560439560435,0.109375,log_pc_cons
3,counts_pred,counts_only,0.0004991817720145624,0.49507718644841925,-0.22071112798809778,-0.005252121398219582,0.109375,log_pc_cons
3,counts_pred,counts_plus_lr,0.40016799485646287,0.2425019062399082,0.3983016344576279,0.47293956043956037,0.109375,log_pc_cons
3,counts_pred,countsall_plus_lr,0.40016799485646287,0.2425019062399082,0.3983016344576279,0.47293956043956037,0.109375,log_pc_cons
3,rl,counts_only,0.003092375075729993,0.49989733837095296,-0.22976619540213683,-0.038281135393834216,0.108642578125,log_pc_cons
3,rl,counts_plus_lr,0.35171869780278403,0.2600816069319987,0.34925854147180513,0.45833333333333326,0.108642578125,log_pc_cons
3,rl,countsall_plus_lr,0.35171869780278403,0.2600816069319987,0.34925854147180513,0.45833333333333326,0.108642578125,log_pc_cons
3,lr_only,lr_only,0.38845629702549095,0.24530855322160855,0.38490426342833206,0.5061813186813185,0.0,log_pc_cons
3,rl_matched,counts_only,0.050545134213064814,3.8118840795279803,-0.12502749586147233,0.3127502216418396,0.108642578125,pc_cons
3,rl_matched,counts_plus_lr,0.30911590878835515,2.4820650741910306,0.26741418139004935,0.4567765567765567,0.108642578125,pc_cons
3,rl_matched,countsall_plus_lr,0.30911590878835515,2.4820650741910306,0.26741418139004935,0.4567765567765567,0.108642578125,pc_cons
3,rl_matched,counts_only,0.04309374651414358,0.43752248892663714,-0.09942188638450644,0.22579052187967644,0.108642578125,log_pc_cons
3,rl_matched,counts_plus_lr,0.3756427327704099,0.25335089122061305,0.3641650058214294,0.48681318681318675,0.108642578125,log_pc_cons
3,rl_matched,countsall_plus_lr,0.3756427327704099,0.25335089122061305,0.3641650058214294,0.48681318681318675,0.108642578125,log_pc_cons
4,no_dropping,counts_only,0.030980445292318068,5.028591691291021,-0.7539127663997625,0.18487222462256533,1.0,pc_cons
4,no_dropping,counts_plus_lr,0.2925347769501509,2.237222354490718,0.2130062795170481,0.633653846153846,1.0,pc_cons
4,no_dropping,countsall_plus_lr,0.2925347769501509,2.237222354490718,0.2130062795170481,0.633653846153846,1.0,pc_cons
4,fixed_center,counts_only,0.019515318265649034,3.171398954690057,-0.061449342466380896,0.12703857920896083,0.15625,pc_cons
4,fixed_center,counts_plus_lr,0.2849895092547713,2.1428213029350776,0.2498562346858767,0.6725274725274725,0.15625,pc_cons
4,fixed_center,countsall_plus_lr,0.2849895092547713,2.1428213029350776,0.2498562346858767,0.6725274725274725,0.15625,pc_cons
4,random,counts_only,0.011826968835431226,3.517472210017247,-0.18840447178279907,0.029081407564014335,0.15625,pc_cons
4,random,counts_plus_lr,0.28712082634165675,2.168314991356172,0.23850876681565536,0.6729395604395604,0.15625,pc_cons
4,random,countsall_plus_lr,0.28712082634165675,2.168314991356172,0.23850876681565536,0.6729395604395604,0.15625,pc_cons
4,stochastic,counts_only,0.006866192799602784,3.2048291377055462,-0.03530229834151033,-0.09969972969116106,0.15625,pc_cons
4,stochastic,counts_plus_lr,0.2842787714500773,2.1496810750927193,0.2478542527931199,0.6863095238095238,0.15625,pc_cons
4,stochastic,countsall_plus_lr,0.2842787714500773,2.1496810750927193,0.2478542527931199,0.6863095238095238,0.15625,pc_cons
4,green_tiles,counts_only,0.01307312378295238,3.4703021632817537,-0.16916533150047197,-0.00022931866813105398,0.15625,pc_cons
4,green_tiles,counts_plus_lr,0.32098277937024583,2.0184739773720195,0.29316036284603353,0.6861263736263735,0.15625,pc_cons
4,green_tiles,countsall_plus_lr,0.32098277937024583,2.0184739773720195,0.29316036284603353,0.6861263736263735,0.15625,pc_cons
4,counts_pred,counts_only,0.001039767399779441,3.441190455271051,-0.1483453515605313,-0.011160899397631086,0.15625,pc_cons
4,counts_pred,counts_plus_lr,0.2877662797870818,2.183093131813023,0.23386393548163886,0.6879578754578753,0.15625,pc_cons
4,counts_pred,countsall_plus_lr,0.2877662797870818,2.183093131813023,0.23386393548163886,0.6879578754578753,0.15625,pc_cons
4,rl,counts_only,0.034665066333022784,3.809111959889517,-0.33562047577696563,0.14376098354599778,0.1571044921875,pc_cons
4,rl,counts_plus_lr,0.29257742227293104,2.160709016006804,0.24114871438960273,0.6875457875457874,0.1571044921875,pc_cons
4,rl,countsall_plus_lr,0.29257742227293104,2.160709016006804,0.24114871438960273,0.6875457875457874,0.1571044921875,pc_cons
4,lr_only,lr_only,0.2601152533555632,2.5827976649637314,0.09547554582160422,0.7129578754578754,0.0,pc_cons
4,no_dropping,counts_only,0.05809612677754662,0.40482058213284705,-0.29235859195511527,0.23874069990449373,1.0,log_pc_cons
4,no_dropping,counts_plus_lr,0.49078322314369854,0.1667165630679985,0.47157814292432654,0.7398351648351648,1.0,log_pc_cons
4,no_dropping,countsall_plus_lr,0.49078322314369854,0.1667165630679985,0.47157814292432654,0.7398351648351648,1.0,log_pc_cons
4,fixed_center,counts_only,0.017153764554339156,0.3739168258918559,-0.11128785789485973,0.14852212228047254,0.15625,log_pc_cons
4,fixed_center,counts_plus_lr,0.4593294589449574,0.17539999242079296,0.4571509326784756,0.7219322344322343,0.15625,log_pc_cons
4,fixed_center,countsall_plus_lr,0.4593294589449574,0.17539999242079296,0.4571509326784756,0.7219322344322343,0.15625,log_pc_cons
4,random,counts_only,0.040269297995735184,0.36336648765442797,-0.06269566707031027,0.16543736287433608,0.15625,log_pc_cons
4,random,counts_plus_lr,0.4696083086913136,0.17224511920678265,0.46749655182444805,0.7247710622710621,0.15625,log_pc_cons
4,random,countsall_plus_lr,0.4696083086913136,0.17224511920678265,0.46749655182444805,0.7247710622710621,0.15625,log_pc_cons
4,stochastic,counts_only,0.038866230461171096,0.3467465924740576,0.011732018363659669,0.14264660925366374,0.15625,log_pc_cons
4,stochastic,counts_plus_lr,0.45768940125115687,0.17602903646024776,0.4559485999093731,0.7309523809523809,0.15625,log_pc_cons
4,stochastic,countsall_plus_lr,0.45768940125115687,0.17602903646024776,0.4559485999093731,0.7309523809523809,0.15625,log_pc_cons
4,green_tiles,counts_only,0.02641447578536145,0.3883892934713004,-0.1083415982373317,0.0754609740532407,0.15625,log_pc_cons
4,green_tiles,counts_plus_lr,0.4901267878145068,0.16648976913337685,0.48942733857280396,0.7349816849816849,0.15625,log_pc_cons
4,green_tiles,countsall_plus_lr,0.4901267878145068,0.16648976913337685,0.48942733857280396,0.7349816849816849,0.15625,log_pc_cons
4,counts_pred,counts_only,0.00015944866253558506,0.4007887604421203,-0.16805465348057513,0.008914457658937995,0.15625,log_pc_cons
4,counts_pred,counts_plus_lr,0.47118246860892526,0.1726144500024267,0.4669030696378007,0.7304945054945055,0.15625,log_pc_cons
4,counts_pred,countsall_plus_lr,0.47118246860892526,0.1726144500024267,0.4669030696378007,0.7304945054945055,0.15625,log_pc_cons
4,rl,counts_only,0.1000501322615524,0.31781737944067573,0.046585856433432826,0.32227963209171284,0.1571044921875,log_pc_cons
4,rl,counts_plus_lr,0.4699623255779469,0.17466425306177227,0.45502589273706295,0.7395604395604394,0.1571044921875,log_pc_cons
4,rl,countsall_plus_lr,0.4699623255779469,0.17466425306177227,0.45502589273706295,0.7395604395604394,0.1571044921875,log_pc_cons
4,lr_only,lr_only,0.4980046736091481,0.16446499899246902,0.48139374588343353,0.7633241758241757,0.0,log_pc_cons
4,rl_matched,counts_only,0.02097619546757277,5.583461190516173,-0.9555375857451711,0.3956700433601227,0.1571044921875,pc_cons
4,rl_matched,counts_plus_lr,0.28070686549869917,2.3259554309277717,0.1818634901389049,0.7041208791208791,0.1571044921875,pc_cons
4,rl_matched,countsall_plus_lr,0.28070686549869917,2.3259554309277717,0.1818634901389049,0.7041208791208791,0.1571044921875,pc_cons
4,rl_matched,counts_only,0.07924062370082584,0.376930964063262,-0.19967783782824244,0.38218129188193667,0.1571044921875,log_pc_cons
4,rl_matched,counts_plus_lr,0.4764889791784022,0.1730420285591003,0.4569823681685067,0.7581043956043955,0.1571044921875,log_pc_cons
4,rl_matched,countsall_plus_lr,0.4764889791784022,0.1730420285591003,0.4569823681685067,0.7581043956043955,0.1571044921875,log_pc_cons
5,no_dropping,counts_only,0.08241166313175703,3.935710591283553,-0.4672210281493967,0.14369612330281542,1.0,pc_cons
5,no_dropping,counts_plus_lr,0.2996955770069845,2.151535743201777,0.18890763507303554,0.39793956043956036,1.0,pc_cons
5,no_dropping,countsall_plus_lr,0.2996955770069845,2.151535743201777,0.18890763507303554,0.39793956043956036,1.0,pc_cons
5,fixed_center,counts_only,0.044488348512447165,2.6017594190880953,0.03575281557822996,0.02535751386538265,0.15234375,pc_cons
5,fixed_center,counts_plus_lr,0.2679617344470547,2.2061256266011813,0.15732606757722745,0.43841575091575097,0.15234375,pc_cons
5,fixed_center,countsall_plus_lr,0.2679617344470547,2.2061256266011813,0.15732606757722745,0.43841575091575097,0.15234375,pc_cons
5,random,counts_only,0.04263723267422955,2.671198238057131,0.03990122129943152,0.23801261511883026,0.15234375,pc_cons
5,random,counts_plus_lr,0.2627364999734719,2.19281106520892,0.1603830608907869,0.4619505494505494,0.15234375,pc_cons
5,random,countsall_plus_lr,0.2627364999734719,2.19281106520892,0.1603830608907869,0.4619505494505494,0.15234375,pc_cons
5,stochastic,counts_only,0.20489471280013524,2.2007095614498895,0.16601295666595017,0.08335826727129382,0.15234375,pc_cons
5,stochastic,counts_plus_lr,0.26974871608355566,2.1822723181048405,0.16543834590118134,0.44207875457875456,0.15234375,pc_cons
5,stochastic,countsall_plus_lr,0.26974871608355566,2.1822723181048405,0.16543834590118134,0.44207875457875456,0.15234375,pc_cons
5,green_tiles,counts_only,0.09385424767542146,2.4650517209306626,0.08511930072329688,0.17270279519321785,0.15234375,pc_cons
5,green_tiles,counts_plus_lr,0.26595467051660254,2.191219846508837,0.16143065572716087,0.41932234432234433,0.15234375,pc_cons
5,green_tiles,countsall_plus_lr,0.26595467051660254,2.191219846508837,0.16143065572716087,0.41932234432234433,0.15234375,pc_cons
5,counts_pred,counts_only,0.00011082923413100991,3.8086113631070466,-0.45803202510931884,0.03320568286104422,0.15234375,pc_cons
5,counts_pred,counts_plus_lr,0.2531308129171394,2.242119620928275,0.14239009930219615,0.41373626373626365,0.15234375,pc_cons
5,counts_pred,countsall_plus_lr,0.2531308129171394,2.242119620928275,0.14239009930219615,0.41373626373626365,0.15234375,pc_cons
5,rl,counts_only,0.07766739456547084,2.710589371959793,-0.04307049795570905,0.08437657249811324,0.152099609375,pc_cons
5,rl,counts_plus_lr,0.2656855519152696,2.25188498815779,0.1409089592635192,0.44903846153846155,0.152099609375,pc_cons
5,rl,countsall_plus_lr,0.2656855519152696,2.25188498815779,0.1409089592635192,0.44903846153846155,0.152099609375,pc_cons
5,lr_only,lr_only,0.19550238306017498,2.5717847035979005,0.020124889890267617,0.42765567765567764,0.0,pc_cons
5,no_dropping,counts_only,0.07580660007151867,0.3533195016342254,-0.38546447230092995,0.16333913430530111,1.0,log_pc_cons
5,no_dropping,counts_plus_lr,0.24329956462066865,0.23121007977888824,0.09145533785266124,0.4362179487179486,1.0,log_pc_cons
5,no_dropping,countsall_plus_lr,0.24329956462066865,0.23121007977888824,0.09145533785266124,0.4362179487179486,1.0,log_pc_cons
5,fixed_center,counts_only,0.05033648669084275,0.27337471480619924,0.0014887228405243702,0.0549412800416624,0.15234375,log_pc_cons
5,fixed_center,counts_plus_lr,0.26607914565897306,0.2123856257746553,0.1695347500021328,0.4654304029304029,0.15234375,log_pc_cons
5,fixed_center,countsall_plus_lr,0.26607914565897306,0.2123856257746553,0.1695347500021328,0.4654304029304029,0.15234375,log_pc_cons
5,random,counts_only,0.05506157238307936,0.28694031047270663,0.006689926958181269,0.2498145140355849,0.15234375,log_pc_cons
5,random,counts_plus_lr,0.2598987431555003,0.21234326815390409,0.1702896754822555,0.465018315018315,0.15234375,log_pc_cons
5,random,countsall_plus_lr,0.2598987431555003,0.21234326815390409,0.1702896754822555,0.465018315018315,0.15234375,log_pc_cons
5,stochastic,counts_only,0.12814521875115717,0.2515397420471469,0.06936859976391618,0.08043991726401872,0.15234375,log_pc_cons
5,stochastic,counts_plus_lr,0.26287180305187346,0.21184090161554117,0.17212190140478623,0.4604395604395604,0.15234375,log_pc_cons
5,stochastic,countsall_plus_lr,0.26287180305187346,0.21184090161554117,0.17212190140478623,0.4604395604395604,0.15234375,log_pc_cons
5,green_tiles,counts_only,0.06826475996371194,0.28718237662038393,-0.026935549925573232,0.19263445670468082,0.15234375,log_pc_cons
5,green_tiles,counts_plus_lr,0.2551666278212715,0.2155882385255647,0.15665910424934637,0.4557692307692307,0.15234375,log_pc_cons
5,green_tiles,countsall_plus_lr,0.2551666278212715,0.2155882385255647,0.15665910424934637,0.4557692307692307,0.15234375,log_pc_cons
5,counts_pred,counts_only,0.005007399557846107,0.31848804580017825,-0.19584209483482096,0.07405303289052502,0.15234375,log_pc_cons
5,counts_pred,counts_plus_lr,0.2436597053808032,0.22091036135883743,0.13557685425420085,0.4489468864468864,0.15234375,log_pc_cons
5,counts_pred,countsall_plus_lr,0.2436597053808032,0.22091036135883743,0.13557685425420085,0.4489468864468864,0.15234375,log_pc_cons
5,rl,counts_only,0.07861674874293655,0.2766476419002432,-0.07883593591564564,0.13073679813970976,0.152099609375,log_pc_cons
5,rl,counts_plus_lr,0.26500450352483645,0.2193116147027649,0.13962187854812713,0.46579670329670314,0.152099609375,log_pc_cons
5,rl,countsall_plus_lr,0.26500450352483645,0.2193116147027649,0.13962187854812713,0.46579670329670314,0.152099609375,log_pc_cons
5,lr_only,lr_only,0.23432026385139113,0.24560770094644455,0.037406116060672456,0.45384615384615373,0.0,log_pc_cons
5,rl_matched,counts_only,0.016853523049113625,3.6362976710708406,-0.39168308315160894,0.11486949756375237,0.152099609375,pc_cons
5,rl_matched,counts_plus_lr,0.20680217692739816,2.358196390866252,0.0953092001457696,0.3442765567765567,0.152099609375,pc_cons
5,rl_matched,countsall_plus_lr,0.20680217692739816,2.358196390866252,0.0953092001457696,0.3442765567765567,0.152099609375,pc_cons
5,rl_matched,counts_only,0.030330566782421665,0.35677092544966416,-0.40269620461863687,0.12511009025582306,0.152099609375,log_pc_cons
5,rl_matched,counts_plus_lr,0.24466813535854787,0.22438273648848578,0.1191951829942185,0.44391025641025633,0.152099609375,log_pc_cons
5,rl_matched,countsall_plus_lr,0.24466813535854787,0.22438273648848578,0.1191951829942185,0.44391025641025633,0.152099609375,log_pc_cons
6,no_dropping,counts_only,0.16264588749206968,3.110314912276725,0.11284923076216846,0.3727133282597317,1.0,pc_cons
6,no_dropping,counts_plus_lr,0.41130479274870974,2.339853941257265,0.34650488593180284,0.5487179487179487,1.0,pc_cons
6,no_dropping,countsall_plus_lr,0.41130479274870974,2.339853941257265,0.34650488593180284,0.5487179487179487,1.0,pc_cons
6,fixed_center,counts_only,3.063643518316662e-05,4.094255680989593,-0.11644636639224926,-0.035274632345836394,0.1953125,pc_cons
6,fixed_center,counts_plus_lr,0.43417349473428013,2.0252612508657877,0.42500947229098174,0.4959706959706959,0.1953125,pc_cons
6,fixed_center,countsall_plus_lr,0.43417349473428013,2.0252612508657877,0.42500947229098174,0.4959706959706959,0.1953125,pc_cons
6,random,counts_only,0.0037032345577832746,4.08687934759306,-0.10464476229141151,-0.0561613838813327,0.1953125,pc_cons
6,random,counts_plus_lr,0.446679559645475,1.9732850630558312,0.43819918592344054,0.4983974358974359,0.1953125,pc_cons
6,random,countsall_plus_lr,0.446679559645475,1.9732850630558312,0.43819918592344054,0.4983974358974359,0.1953125,pc_cons
6,stochastic,counts_only,0.002384992988503906,4.231577120706766,-0.15776676415106294,-0.116616097208577,0.1953125,pc_cons
6,stochastic,counts_plus_lr,0.42447007729775416,2.0795837064805864,0.40945521047937283,0.5035714285714286,0.1953125,pc_cons
6,stochastic,countsall_plus_lr,0.42447007729775416,2.0795837064805864,0.40945521047937283,0.5035714285714286,0.1953125,pc_cons
6,green_tiles,counts_only,0.01066534872101646,3.856005565974341,-0.07477966231827149,-0.06908974733888969,0.1953125,pc_cons
6,green_tiles,counts_plus_lr,0.397383072809753,2.2426206068942913,0.3631023820500676,0.48791208791208784,0.1953125,pc_cons
6,green_tiles,countsall_plus_lr,0.397383072809753,2.2426206068942913,0.3631023820500676,0.48791208791208784,0.1953125,pc_cons
6,counts_pred,counts_only,0.0356451229683089,3.695839033168825,-0.037626836483270365,0.20219377288512755,0.1953125,pc_cons
6,counts_pred,counts_plus_lr,0.4064262438624938,2.1719561448089677,0.3834641040808533,0.5052655677655677,0.1953125,pc_cons
6,counts_pred,countsall_plus_lr,0.4064262438624938,2.1719561448089677,0.3834641040808533,0.5052655677655677,0.1953125,pc_cons
6,rl,counts_only,0.043728785808096415,4.342528515095779,-0.23852677771249153,0.020020837018833188,0.19451904296875,pc_cons
6,rl,counts_plus_lr,0.38464817688309094,2.3277041352960985,0.33989140111822547,0.4888736263736263,0.19451904296875,pc_cons
6,rl,countsall_plus_lr,0.38464817688309094,2.3277041352960985,0.33989140111822547,0.4888736263736263,0.19451904296875,pc_cons
6,lr_only,lr_only,0.4506997752542832,2.1348665768202197,0.4149996604814743,0.5627289377289376,0.0,pc_cons
6,no_dropping,counts_only,0.18263832313490164,0.28736622075906615,0.1586533899201743,0.43558893366192514,1.0,log_pc_cons
6,no_dropping,counts_plus_lr,0.35772149698214734,0.2399444666700216,0.29526137661583574,0.48878205128205116,1.0,log_pc_cons
6,no_dropping,countsall_plus_lr,0.35772149698214734,0.2399444666700216,0.29526137661583574,0.48878205128205116,1.0,log_pc_cons
6,fixed_center,counts_only,0.001790928909445597,0.4271310138772384,-0.180921458613998,-0.08573127792203462,0.1953125,log_pc_cons
6,fixed_center,counts_plus_lr,0.3462960546232791,0.2342205516212613,0.31542280728353567,0.46286630036630033,0.1953125,log_pc_cons
6,fixed_center,countsall_plus_lr,0.3462960546232791,0.2342205516212613,0.31542280728353567,0.46286630036630033,0.1953125,log_pc_cons
6,random,counts_only,0.0023852146514389775,0.44342951094885225,-0.20067498278396556,-0.061816799291389356,0.1953125,log_pc_cons
6,random,counts_plus_lr,0.3352937169851969,0.2398170543954057,0.2981961450085441,0.4629120879120878,0.1953125,log_pc_cons
6,random,countsall_plus_lr,0.3352937169851969,0.2398170543954057,0.2981961450085441,0.4629120879120878,0.1953125,log_pc_cons
6,stochastic,counts_only,0.009263723799450025,0.44470364250501226,-0.23114849505629387,-0.032537277176014394,0.1953125,log_pc_cons
6,stochastic,counts_plus_lr,0.33575704761773023,0.23986126174219483,0.29783736963918095,0.4595238095238095,0.1953125,log_pc_cons
6,stochastic,countsall_plus_lr,0.33575704761773023,0.23986126174219483,0.29783736963918095,0.4595238095238095,0.1953125,log_pc_cons
6,green_tiles,counts_only,0.0013442130239683444,0.41388726277150917,-0.15726878114166531,-0.04990261845613243,0.1953125,log_pc_cons
6,green_tiles,counts_plus_lr,0.32167991940354823,0.24979989056918256,0.2681835704311021,0.4461996336996336,0.1953125,log_pc_cons
6,green_tiles,countsall_plus_lr,0.32167991940354823,0.24979989056918256,0.2681835704311021,0.4461996336996336,0.1953125,log_pc_cons
6,counts_pred,counts_only,0.0389119076937599,0.35657662133714285,-0.020035345104648883,0.23624040851222092,0.1953125,log_pc_cons
6,counts_pred,counts_plus_lr,0.3384295624406766,0.23796313302660743,0.3031367695726732,0.47568681318681316,0.1953125,log_pc_cons
6,counts_pred,countsall_plus_lr,0.3384295624406766,0.23796313302660743,0.3031367695726732,0.47568681318681316,0.1953125,log_pc_cons
6,rl,counts_only,0.061724088808215484,0.33710153882026306,0.014999012651543908,0.08951737350958903,0.19451904296875,log_pc_cons
6,rl,counts_plus_lr,0.33594035010467316,0.2454581861239465,0.28136967299594606,0.4545329670329669,0.19451904296875,log_pc_cons
6,rl,countsall_plus_lr,0.33594035010467316,0.2454581861239465,0.28136967299594606,0.4545329670329669,0.19451904296875,log_pc_cons
6,lr_only,lr_only,0.4198828878030967,0.21237130216176353,0.37637942928207213,0.5343406593406593,0.0,log_pc_cons
6,rl_matched,counts_only,0.09815980256815927,3.47745714389292,0.01502429218342971,0.20804261076091876,0.19451904296875,pc_cons
6,rl_matched,counts_plus_lr,0.4131638981585018,2.2981646626124332,0.35192660495382677,0.48195970695970686,0.19451904296875,pc_cons
6,rl_matched,countsall_plus_lr,0.4131638981585018,2.2981646626124332,0.35192660495382677,0.48195970695970686,0.19451904296875,pc_cons
6,rl_matched,counts_only,0.12201613207852757,0.3277383421516858,0.06783514129098889,0.2950897282341065,0.19451904296875,log_pc_cons
6,rl_matched,counts_plus_lr,0.3808419944191023,0.23127952030583615,0.32070379283239114,0.5043498168498168,0.19451904296875,log_pc_cons
6,rl_matched,countsall_plus_lr,0.3808419944191023,0.23127952030583615,0.32070379283239114,0.5043498168498168,0.19451904296875,log_pc_cons
